{"mean_x": [185.47697031475704, 0.0015470794567908125, 0.7705669766995135, 7.857141020194802], "var_x": [37228.50542083935, 1.8123746015028772, 0.004184439400971163, 12.769369542479684], "mean_y": [0.9881648281869511], "var_y": [0.006143468675605367]}