{"mean_x": [185.52118538624669, 0.001729634002141848, 0.7705879991983391, 7.857260668238243], "var_x": [37236.2681808575, 1.813150176171507, 0.004182477160690986, 12.767265573740673], "mean_y": [0.9881443259804366], "var_y": [0.006140517724437742]}