{"mean_x": [365.25992797885544, -0.001174565878680349, 0.779281757098221, 7.788478154309732], "var_x": [161471.87058135777, 1.6278716559334803, 0.002531975034808718, 12.642041747877741], "mean_y": [1.0162008210478453], "var_y": [0.0034427871119966226]}