{"mean_x": [185.54820126930264, 0.0013809386827816886, 0.7705659421586118, 7.857833347995315], "var_x": [37242.569758366015, 1.8120852454216376, 0.0041837823058155765, 12.768024777857148], "mean_y": [0.9881600576986758], "var_y": [0.006141882039867607]}