{"mean_x": [260.59646518429406, 0.0013613873634951822, 0.7725578178497549, 7.8376684797899925, 102.92265965028986], "var_x": [91689.75759645348, 1.6551182421519255, 0.0037964041714703763, 12.723991370474055, 96213.46772746008], "mean_y": [0.9948673389493392], "var_y": [0.005724879362878414]}