{"mean_x": [797.9117002782215, -0.0005498877671916225, 0.7866770070264932, 7.699459646256794, 839.1339117304123], "var_x": [152187.15569767315, 0.5280666630751172, 0.0007902891481484711, 12.399313853693371, 166535.0752902081], "mean_y": [1.042993873196448], "var_y": [9.406186580439971e-05]}